,t-1,t,movement
35,162.61749999999998,174.95999999999998,1
13,92.95545,95.4598,1
26,129.05700000000002,137.77949999999998,1
30,149.94349999999997,144.569,0
16,98.5816,93.7082,0
31,144.569,153.57000000000002,1
21,108.437,113.3685,1
12,100.8105,92.95545,0
8,106.67835,107.14650000000002,1
17,93.7082,93.51155,0
9,107.14650000000002,112.917,1
